<beans:beans xmlns="http://www.springframework.org/schema/security"
xmlns:beans="http://www.springframework.org/schema/beans"
xmlns:xsi="http://www.w3.org/2001/XMLSchema-instance"
xsi:schemaLocation="http://www.springframework.org/schema/beans
http://www.springframework.org/schema/beans/spring-beans-3.2.xsd
http://www.springframework.org/schema/security
http://www.springframework.org/schema/security/spring-security-3.2.xsd">

    <http auto-config="true">
    </http>




<bean id="dataSource" class="org.springframework.jdbc.datasource.DriverManagerDataSource">
    <property name="driverClassName" value="com.mysql.jdbc.Driver" />
    <property name="url" value="jdbc:mysql://localhost:3306/sbi" />
    <property name="username" value="root" />
    <property name="password" value="" />
</bean>

<authentication-manager>
   <authentication-provider>
 <jdbc-user-service data-source-ref="dataSource"
   users-by-username-query=
     "SELECT username, password, enabled FROM users WHERE username=?"
   authorities-by-username-query=
     "SELECT username, ‘ROLE_USER’ FROM users WHERE username =?  " />
   </authentication-provider>
 </authentication-manager>

</beans:beans>