<?xml version="1.0" encoding="UTF-8"?>

<!--TO JEST TAKA INSTRUKCJA DLA SPRINGA-->

<beans xmlns="http://www.springframework.org/schema/beans"
 xmlns:xsi="http://www.w3.org/2001/XMLSchema-instance"
 xmlns:mvc="http://www.springframework.org/schema/mvc"
 xmlns:jpa="http://www.springframework.org/schema/data/jpa"
 xmlns:context="http://www.springframework.org/schema/context"
 xmlns:tx="http://www.springframework.org/schema/tx"
 xsi:schemaLocation="
 http://www.springframework.org/schema/mvc 
 http://www.springframework.org/schema/mvc/spring-mvc-4.0.xsd
 http://www.springframework.org/schema/beans 
 http://www.springframework.org/schema/beans/spring-beans-4.0.xsd
 http://www.springframework.org/schema/context 
 http://www.springframework.org/schema/context/spring-context-4.0.xsd
 http://www.springframework.org/schema/tx
http://www.springframework.org/schema/tx/spring-tx.xsd
 http://www.springframework.org/schema/data/jpa
 http://www.springframework.org/schema/data/jpa/spring-jpa.xsd">

    <context:component-scan base-package="com.mycompany" /> <!-- Automatycznie obsluguje klasy z adnotacjami w tym pakiecie -->
    <context:annotation-config /> <!-- To na przyszłość, pozwoli nam korzystać z adnotacji także w klasach, które byśmy skonfigurowali ręcznie -->
    <mvc:annotation-driven/>
    <tx:annotation-driven />
     <jpa:repositories base-package="com.mycompany"/>

<bean class="org.springframework.web.servlet.view.InternalResourceViewResolver"><!--Tworzenie nowego beana tej klasy-->
    <property name="prefix">
        <value>/WEB-INF/views/</value><!--Tutaj znajduja sie widoki-->
    </property>
    <property name="suffix">
        <value>.jsp</value><!--A takie maja rozszerzenie.-->
        <!--Jesli kontroler zazada widoku "HHHH" to Spring da mu plik /WEB-INF/views/HHHH.jsp-->
    </property>
</bean>
<bean id="dataSource" class="org.springframework.jdbc.datasource.DriverManagerDataSource">
    <property name="driverClassName" value="com.mysql.jdbc.Driver" />
    <property name="url" value="jdbc:mysql://localhost:3306/sbi" />
    <property name="username" value="root" />
    <property name="password" value="" />
</bean>
<bean id="entityManagerFactory"
 class="org.springframework.orm.jpa.LocalContainerEntityManagerFactoryBean">
    <property name="dataSource" ref="dataSource" />
    <property name="packagesToScan" value="com.mycompany" />
    <property name="jpaVendorAdapter">
        <bean class="org.springframework.orm.jpa.vendor.HibernateJpaVendorAdapter">
            <property name="showSql" value="false" />
            <property name="databasePlatform" value="org.hibernate.dialect.MySQLDialect" />
        </bean>
    </property>
    <property name="jpaProperties">
        <props>
            <prop key="hibernate.hbm2ddl.auto">update</prop>
        </props>
    </property>
</bean>
<bean class="org.springframework.orm.jpa.support.PersistenceAnnotationBeanPostProcessor" />
<bean class="org.springframework.dao.annotation.PersistenceExceptionTranslationPostProcessor" />
<bean id="transactionManager" class="org.springframework.orm.jpa.JpaTransactionManager">
    <property name="entityManagerFactory" ref="entityManagerFactory" />
</bean>



</beans>